Kabupaten/Kota,,,,,,,
,[SERI 2010] PDRB Atas Dasar Harga Berlaku Menurut Pengeluaran Kabupaten/Kota (Milyar Rupiah),,,,,,
,Pengeluaran Konsumsi Rumah Tangga,Pengeluaran Konsumsi LNPRT,Pengeluaran Konsumsi Pemerintah,Pembentukan Modal Tetap Bruto,Perubahan Inventori,Net Ekspor,PDRB
,2024,2024,2024,2024,2024,2024,2024
Simeulue,2015.09,126.34,860.99,1264.84,0.37,-1116.88,3150.76
Aceh Singkil,2022.17,65.02,1036.79,1031.58,4.48,-718.96,3441.08
Aceh Selatan,4505.19,145.72,1397.89,2527.03,3.1,-1112.7,7466.23
Aceh Tenggara,4622.99,279.49,1522.39,1810.66,50.04,-1547.7,6737.89
Aceh Timur,10083.42,437.77,1757.04,4725.17,-1.08,-2066.98,14935.34
Aceh Tengah,4390.49,194.83,1594.65,4108.29,38.08,395.07,10721.42
Aceh Barat,5167.61,333.87,1602.47,5242.65,74,1632.64,14053.24
Aceh Besar,11551.44,89.06,2855.3,6393.99,37.28,-2515.02,18412.05
Pidie,9438.78,394.44,2540.49,4196.04,0.99,-2021.31,14549.43
Bireuen,10847.24,358.23,2308.87,3970.67,35.55,860.4,18380.96
Aceh Utara,14255.29,562.94,3110.01,7559.33,6.92,4589.24,30083.73
Aceh Barat Daya,2752.6,88.77,928.43,2821.54,5.8,-1229.22,5367.93
Gayo Lues,1751.61,110.02,1018.19,1346.33,26.69,-669.82,3583.01
Aceh Tamiang,5992.41,170.54,1338.04,3137,0.27,904.14,11542.4
Nagan Raya,4628.97,245.18,1191.25,3642,7.14,2717.16,12431.71
Aceh Jaya,1781.18,81.63,1062.33,1743.88,5.78,-1068.15,3606.65
Bener Meriah,2956.94,138.79,1047.26,2865.11,4.83,-492.3,6520.63
Pidie Jaya,3241.65,219.79,1042.16,1620.33,-2.47,-1396.63,4724.84
Kota Banda Aceh,13953.86,471.17,9674.07,6313.18,25.09,-4412.22,26025.15
Kota Sabang,963.14,129.18,1017.82,1161.44,4.73,-1415.21,1861.1
Kota Langsa,4488.12,186.2,1295.35,2482.34,40.29,-1168.44,7323.86
Kota Lhokseumawe,5743.7,167.1,1862.72,5276.55,61.16,-1262.99,11848.24
Kota Subulussalam,1591.09,76.31,706.88,1318.07,4.03,-934.53,2761.85
Nias,4704.38,216.72,1036.4,1307.52,4.21,-1964.61,5304.62
Mandailing Natal,12432.31,325.6,2688.4,4162.97,450.35,219.75,20279.38
Tapanuli Selatan,9706.34,152.05,1840.69,7332.9,451,1793.34,21276.31
Tapanuli Tengah,9446.3,321.15,1135.6,2582.28,89.14,96.8,13671.28
Tapanuli Utara,7092.06,598.64,1576.56,4496.28,221.6,-2705.98,11279.15
Toba Samosir,5576.38,189.59,1330.77,2258.7,134.18,794.81,10284.43
Labuhan Batu,22630.22,279.01,1599.89,10695.32,1148.02,14449.33,50801.78
Asahan,28384.01,641.29,2530.63,13779.03,416.87,11706.11,57457.93
Simalungun,28907.95,582.08,3086.79,12832.57,727.4,12769.31,58906.11
Dairi,7230.79,325.61,1258.88,3171.1,258.53,448.96,12693.88
Karo,15081.57,516.85,2161.82,9289.15,173.28,1645.21,28867.89
Deli Serdang,89503.88,852.53,5011.76,47952.74,2008.05,6122.43,151451.4
Langkat,33674.78,639.33,4505.46,12986.95,1713.67,8891.29,62411.48
Nias Selatan,7283.62,262.56,2342.83,2378.89,157.42,-3296.87,9128.45
Humbang Hasundutan,4697.35,150.24,1381.06,1975.12,6.24,62.38,8272.39
Pakpak Bharat,891.75,16.79,477.82,536.22,3.83,-207.65,1718.75
Samosir,3719.16,150.06,1102.37,909.52,195.88,23.42,6100.41
Serdang Bedagai,21048.75,431.57,2868.87,9544.41,644.85,7473.56,42012.01
Batu Bara,19100.55,381.13,2184.11,8783.42,532.55,16335.83,47317.58
Padang Lawas Utara,9524.64,241.18,1203.19,3950.83,128.82,2782.62,17831.27
Padang Lawas,7782.49,165.93,965.51,3610.34,47.1,5759.04,18330.4
Labuhan Batu Selatan,17292.89,197.66,1311.03,10842.02,1233.99,11032.06,41909.64
Labuhan Batu Utara,15926.5,312.03,1434.97,8529.8,800.57,9578.14,36582
Nias Utara,3625.6,87.83,1013.42,1487.13,172.78,-1596.35,4790.41
Nias Barat,1941.37,105.39,586.15,676.69,65.27,-843.28,2531.58
Kota Sibolga,4375.88,150.81,811.71,1288.5,99.67,475.03,7201.6
Kota Tanjung Balai,6592.76,177.81,1088.04,3692.7,136.49,519.94,12207.74
Kota Pematang Siantar,10111.38,495.4,1886.31,4158.47,439.91,260.2,17351.67
Kota Tebing Tinggi,5572.94,30.28,1366.73,2977.47,168.3,-2240.61,7875.11
Kota Medan,145424.76,1122.77,11002.69,128613.67,3164.02,40281.26,329609.17
Kota Binjai,9097.76,231.72,994.09,5240.41,43.18,-18.4,15588.75
Kota Padangsidimpuan,5450.57,324.79,1477.67,3064.79,72.31,-1813.16,8576.98
Kota Gunungsitoli,4947.66,159.81,653.78,2213.74,15.29,-668.38,7321.91
Kepulauan Mentawai,3171.37,53.39,858.01,1873.46,-4.59,294.16,6245.8
Pesisir Selatan,9773.85,205.83,1716.06,5442.77,4.88,2038.76,19182.15
Solok,10012.29,155.19,1589.34,5786.58,27.43,821.16,18391.99
Sijunjung,6501.44,97.13,1023.6,3957.18,13.92,895.66,12488.94
Tanah Datar,9973.14,222.6,1696.66,5478.91,-24.23,148.95,17496.03
Padang Pariaman,14207.05,294.97,1907.28,8617.62,-53.23,1835.27,26808.95
Agam,14927.1,304.06,1773.35,8312.8,-129.72,2788.1,27975.68
Lima Puluh Kota,11134.25,214.76,1512.98,6412.15,28.7,1547.78,20850.62
Pasaman,6388.08,131.26,1160.3,3654.09,-0.49,831.99,12165.24
Solok Selatan,4043.23,86.13,695.02,2175.87,3.77,583.85,7587.87
Dharmasraya,7723.98,140.53,1102.38,4116.18,-20.66,1265.22,14327.63
Pasaman Barat,11553.36,251.64,1505.94,6418.41,-32.43,1418.73,21115.66
Kota Padang,41835.7,937.93,9379.46,24008.24,-127.26,8148.49,84182.56
Kota Solok,2784.84,54.59,727.17,1436.17,-0.87,559.26,5561.16
Kota Sawah Lunto,2707.83,54.24,721.44,1312.96,6.37,255.17,5058
Kota Padang Panjang,2412.15,53.63,680.69,1406.47,4.26,199.76,4756.96
Kota Bukittinggi,6214.2,113.09,1209.02,3187.57,-2.55,1026.09,11747.42
Kota Payakumbuh,4256.9,82.31,953.79,2280.91,-3.43,1850.52,9421
Kota Pariaman,3522.81,77.89,731.87,1830.2,-3.15,642.28,6801.89
Kuantan Singingi,19862.98,243.47,1576.84,19160.23,47.33,11104.84,51995.69
Indragiri Hulu,23012.96,338.86,1783.91,21487.95,158.61,13695.56,60477.84
Indragiri Hilir,38650.43,610.72,2189.15,20291.46,142.91,33100.38,94985.06
Pelalawan,19909.51,293.05,1608.45,13256.75,69.42,42548.77,77685.96
Siak,28120.27,379.67,2575.67,28674.63,108.7,61263.85,121122.79
Kampar,49372,696.37,3428.67,39027.47,110.46,23789.28,116424.25
Rokan Hulu,32594.11,474.11,1544.35,12693.23,51.95,9288.97,56646.72
Bengkalis,38436.29,508.34,3845.3,35623.34,52.46,97248.06,175713.79
Rokan Hilir,32472.44,508.77,2143.13,10614.32,54.36,56700.55,102493.58
Kepulauan Meranti,9981.62,217.93,703.56,6194.93,68.38,10302.43,27468.84
Kota Pekanbaru,83501.39,1879.91,11504.06,130271.48,605.8,-56456.12,171306.52
Kota Dumai,16754.68,259.41,3035.5,20825.02,156.35,11637.15,52668.1
Kerinci,7458.93,89.74,1469,4228.54,141.71,1331.33,14719.25
Merangin,13550.29,86.04,1469.99,5125.95,109.12,5130.98,25472.37
Sarolangun,11577.27,139.4,1267.76,8285.94,351.04,1079.81,22701.23
Batang Hari,11222.42,104.76,1430.13,5519.75,192.41,7680.34,26149.8
Muaro Jambi,14649.81,167.74,1880,8833.14,-260.85,15206.15,40475.99
Tanjung Jabung Timur,8221.74,132.01,1475.49,5650.83,161.16,11655.02,27296.26
Tanjung Jabung Barat,13184.6,129.68,1288.93,8050.36,423.96,32655.32,55732.85
Tebo,11040.68,147.12,1132.7,4713.24,92.66,6782.52,23908.92
Bungo,13646.13,160.97,1457.31,7427.14,88.34,4576.48,27356.37
Kota Jambi,24109.65,772.57,7565.65,9240.72,480.6,1206.28,43375.48
Kota Sungai Penuh,4608.75,75.61,663.76,2625.22,198.14,2109.31,10280.79
Ogan Komering Ulu,13803.11,332.29,1548.77,7141.76,14.38,-2375.12,20465.17
Ogan Komering Ilir,26143.6,654.13,2805.22,13478.81,5.52,3561.73,46649.01
Muara Enim,51619.89,1725.66,3113.14,19165.53,51.7,41048.49,116724.41
Lahat,17710.46,466.44,3642.67,7575.99,9.28,575.82,29980.66
Musi Rawas,18323.78,376.97,2199.11,6252.77,6.52,-1687.3,25471.85
Musi Banyuasin,65517.59,1936.36,4974.19,25451.72,4.91,-5217.89,92666.87
Banyu Asin,27671.37,614.19,2628.97,10384.96,-16.41,-1652.96,39630.12
Ogan Komering Ulu Selatan,7853.61,156.43,1436.27,3687.58,10.59,-1236.11,11908.37
Ogan Komering Ulu Timur,15173.9,297.89,2037.97,6762.91,-1.24,-3031.68,21239.75
Ogan Ilir,9445.75,254.18,1833.68,4253.11,2.28,-548.11,15240.88
Empat Lawang,4262.59,133.51,1063.17,2056.37,5.06,-798.68,6722.01
Penukal Abab Lematang Ilir,6487.46,206.7,438.53,2863.09,2.95,-612.4,9386.33
Musi Rawas Utara,7500.43,145.91,895.29,2655.3,15.41,-1516,9696.34
Kota Palembang,130785.69,3128.4,10327.32,89406.61,-106.94,-25344.39,208196.68
Kota Prabumulih,6944.14,193.78,1279.53,3947.61,-5.06,-1826.76,10533.23
Kota Pagar Alam,2988.89,84.38,602.2,1315.83,4.42,-1184.65,3811.06
Kota Lubuklinggau,5725.12,164.74,963.87,3517.44,4.13,-1657.44,8717.86
Bengkulu Selatan,4806.23,214.38,1580.58,2984.43,2.06,-1723.58,7864.1
Rejang Lebong,8127.04,274.24,1578.17,4314.67,-7.71,-1220.28,13066.13
Bengkulu Utara,7242.58,217.63,1564.45,4930.32,14.39,-1187.84,12781.53
Kaur,3068.84,130.26,995.4,2800.25,8.88,-2040.06,4963.57
Seluma,3960.67,102.93,1052.07,3309.18,6.66,-2086.6,6344.92
Mukomuko,4586.2,189.68,1062.91,3925.86,12.06,-2210.3,7566.42
Lebong,2962.19,163.63,918.36,2609.29,6.21,-2078.96,4580.72
Kepahiang,3761.61,187.42,948.36,2582.43,13.55,-1227.91,6265.45
Bengkulu Tengah,3904.19,94.67,741.8,2768.14,-1.85,-725.05,6781.9
Kota Bengkulu,19817.39,981.52,8105.68,9395.59,-2.37,-5149.5,33148.31
Lampung Barat,7860.64,283.7,1484.17,3531.75,-19.35,-3237.65,9903.24
Tanggamus,15390.88,364.57,1799.23,4976.6,145.34,-1479.03,21197.58
Lampung Selatan,34471.53,976.32,2426.44,19617.87,-165.39,2994.21,60320.97
Lampung Timur,36111.67,990,2748.06,16804.81,-222.44,419.22,56851.33
Lampung Tengah,53050.89,1393.23,2825.08,31347.73,-920.39,9396.95,97093.49
Lampung Utara,20521.87,1126.8,1928.59,10176.67,-7.33,-1932.05,31814.54
Way Kanan,12456.18,314.47,1324.13,5830.04,58.89,-761.79,19221.92
Tulangbawang,18854.45,515.28,1290.92,10530.18,74.96,-766.6,30499.19
Pesawaran,13063.42,316.64,1208.22,6440.36,-89.94,728.07,21666.78
Pringsewu,12768.93,281.76,963.34,4341.62,-0.05,-3257.43,15098.16
Mesuji,8458.88,208.6,601.93,4259.1,-16,640.82,14153.34
Tulang Bawang Barat,10532.42,213.44,800.43,4615.08,-16.94,-549.52,15594.89
Pesisir Barat,4521.54,125.67,165.39,1333.25,-6.74,-0.87,6138.24
Kota Bandar Lampung,49728.11,1503.83,12401.2,25210.9,58.88,-9049.93,79853
Kota Metro,6290.89,180.39,1076.15,1756.86,-3.7,-820.1,8480.49
Bangka,12563.91,133.92,1671.11,4424.8,-2.02,1211.78,20003.49
Belitung,7696.3,108.43,1499.74,3640.69,-7.22,1213.3,14151.24
Bangka Barat,9297.64,111.14,1135.58,3606.71,-8.67,5541.9,19684.3
Bangka Tengah,8253.76,108.54,1420.19,3194.69,-0.32,-1161.76,11815.1
Bangka Selatan,7628.49,92.21,999.59,3051.76,-3.8,260.73,12028.98
Belitung Timur,5884.9,83.05,1342.87,3180.94,-6.82,488.38,10973.33
Kota Pangkal Pinang,9285.12,189.12,2683.42,5703.3,-1.3,1079.91,18939.59
Karimun,11677.93,195.36,1537.75,6842.47,113.81,-2036.42,18330.9
Bintan,14863.96,37.41,2015.18,16691.34,116.53,-3358.69,30365.73
Natuna,5306.18,16.14,2088.02,4466.71,17.24,10798.38,22692.67
Lingga,3421.52,21.77,1177.2,2404.39,13.73,-1434.78,5603.83
Kepulauan Anambas,3153.37,14.35,1693.31,4330.13,21.95,8792.02,18005.12
Kota Batam,93482.55,531.28,3373.64,106240.8,1010.89,28408.61,233047.77
Kota Tanjung Pinang,16142.57,101.07,4868.21,9679.7,83.28,-5853.3,25021.53
Kep. Seribu,3673.46,1233.94,628.41,451.13,-101.56,2217.61,8102.98
Kota Jakarta Selatan,557673.3,22589.4,157744.24,275612.5,931.75,-164254.17,850297.02
Kota Jakarta Timur,558205.33,17168.39,25769.38,206278.25,1250.54,-178062.98,630608.92
Kota Jakarta Pusat,216006.41,11098.46,236439.26,247372.63,1291.9,210652.38,922861.05
Kota Jakarta Barat,527160.32,14440.26,20981.7,267633.81,1451.37,-203797.85,627869.62
Kota Jakarta Utara,420529.68,19770.1,21552.79,269196.76,1210.51,-62080.73,670179.09
Bogor,207868.54,2040.22,8643.8,66488.05,-660.84,27333.4,311713.18
Sukabumi,58021.17,493.21,4241.07,25667.24,65.38,-345.72,88142.36
Cianjur,47687.76,164.35,3676.52,16302.22,216.59,-3643.93,64403.51
Bandung,132367.34,905.8,6209.62,31545.8,-268.59,-5150.59,165609.36
Garut,61721.48,455.84,4903.37,19920.41,-123.16,-8052.8,78825.14
Tasikmalaya,41273.08,817.71,4013.47,9838.27,32.35,-6191.75,49783.14
Ciamis,30054.06,542.56,3320.26,10016.24,31.35,-727.63,43236.85
Kuningan,28522.66,852.13,3597.3,8030.97,28.77,-5496.06,35535.77
Cirebon,60439.48,1373.53,3824.95,17324.56,376.82,-16143.32,67196.03
Majalengka,30480.95,264.15,3287.91,15055.83,110.88,-2896.83,46302.88
Sumedang,31816.75,759.32,3530.53,10288.97,163.13,569.45,47128.14
Indramayu,44915.16,327.09,3915.05,18102.08,-248.13,38577.66,105588.91
Subang,36991.59,418.53,4225.18,15412.84,152.13,-2254.16,54946.11
Purwakarta,46534.55,348.55,3055.05,20594.74,52.53,17669.12,88254.55
Karawang,119627.54,631.24,5438.12,68401.65,134.25,115610.05,309842.85
Bekasi,173867.06,756.54,5961.69,92268.68,-41.03,148510.6,421323.53
Bandung Barat,41370.11,612.28,3514.89,12639.69,63.27,3036.1,61236.34
Pangandaran,8376,125.28,1140.62,3429.79,29.65,2373.23,15474.58
Kota Bogor,61788.67,1090.26,5607.49,21076.37,23.68,-28534.78,61051.67
Kota Sukabumi,13442.88,753.07,1686.49,2614.2,-19.5,-2106.76,16370.38
Kota Bandung,228942.72,2548.32,37638.48,90589.16,884.45,11242.49,371845.62
Kota Cirebon,17325.29,600.26,2883.56,7695.05,-414.71,2450.73,30540.17
Kota Bekasi,139468.79,441.63,5362.61,45015.34,655.8,-61592.27,129351.9
Kota Depok,119443.08,1081.16,3113.88,50006.95,33.22,-79528.74,94149.54
Kota Cimahi,30920.71,106.6,2173.39,14338,41.52,-4157.63,43422.59
Kota Tasikmalaya,21301.86,705.9,2778.19,9075.99,47.54,-4296.71,29612.77
Kota Banjar,4857.28,118.52,1349.77,1817.89,9.32,-2603.53,5549.26
Cilacap,59853.11,897.76,3856.32,30032.97,408.44,40942.25,135990.85
Banyumas,47571.61,994.25,5180.92,26259.94,221.55,-6065.35,74162.92
Purbalingga,23961.84,588.33,1892.95,6796.51,860.19,-742.49,33357.33
Banjarnegara,22804.41,654,2015.47,6277.33,64.93,-2584.91,29231.22
Kebumen,28468.19,753.98,2925.21,7142.9,746.51,-1431.33,38605.46
Purworejo,19594.08,549.71,2139.49,6483.47,250.67,-4216.5,24800.93
Wonosobo,19563.39,562.29,1707.38,4761.25,256.52,-1822.66,25028.17
Magelang,30639.25,999.18,2853.45,12040.51,450.16,-3246.55,43736
Boyolali,33805.73,821.24,2564.66,9564.31,365.43,-1267.94,45853.42
Klaten,41451.92,991.09,3101.17,12736.22,277.34,-3308.29,55249.45
Sukoharjo,33683.08,696.84,2186.59,11209.88,110.06,2100.58,49987.03
Wonogiri,28414.58,1003.26,2585.32,8079.64,134.98,-455.85,39761.92
Karanganyar,34892.65,812.75,2226.26,11698.47,746.7,954.66,51331.5
Sragen,36477.59,752.56,2742.2,12201.09,700.15,-439.87,52433.72
Grobogan,30970.73,792.6,2639.34,6303.14,49.64,-3249.67,37505.78
Blora,23164.65,549.75,2414.38,3977.28,99.99,3025.2,33231.25
Rembang,19076.78,455.24,1781.01,5812.95,769.17,-2100.85,25794.3
Pati,42228.33,839.94,3202.07,13273.73,438.36,-967.8,59014.63
Kudus,38781.33,530.02,2450.41,18457.5,910.84,67481.74,128611.84
Jepara,35092.1,807.89,2656.4,15559.89,194.94,-13747.01,40564.22
Demak,27788.78,688.12,2628.25,10274.9,246.24,-6167.51,35458.78
Semarang,39513.33,817.77,3776.79,26563.82,467.82,-5554.68,65584.85
Temanggung,20835.61,597.42,1786.37,4869.81,855.06,-20.66,28923.6
Kendal,34157.27,686.4,2368.75,15768.1,426.35,5430.11,58836.99
Batang,20999.53,543.72,1768.6,8226.98,485.05,-1634.41,30389.48
Pekalongan,23032.76,628.47,2123,7684.36,429.66,-3674.69,30223.56
Pemalang,27810.72,735.26,2436.29,4565.57,113.86,-772.48,34889.22
Tegal,39150.44,818.79,2641.15,11006.95,146.06,-6042.1,47721.31
Brebes,47978.22,1008.94,3127.17,7804.2,154.84,1972.12,62045.49
Kota Magelang,6637.72,188.34,1792.83,5663.96,97.34,-2558.25,11821.94
Kota Surakarta,33416.81,434.58,5150.95,39778.7,235.37,-14315.45,64700.97
Kota Salatiga,11412.78,202.48,1484.97,7672.15,125.97,-2819.08,18079.27
Kota Semarang,109537.64,2312.3,26887.13,162051.08,362.76,-33599.57,267551.35
Kota Pekalongan,9701.22,222.52,1170.83,5780.82,41.14,-2149.59,14766.95
Kota Tegal,10647.39,193.16,1514.23,9056.06,70.32,-820.64,20660.52
Kulon Progo,9620.51,550.85,2341.84,8835.51,57.21,-4494.34,16911.59
Bantul,25746.19,1221.62,4427.13,9748.84,218.28,-4883.35,36478.72
Gunung Kidul,17643.98,353.82,3873.69,8305.38,252.62,-3724.17,26705.33
Sleman,39720.55,1400.93,8371.32,26654.42,152.33,-12616.35,63683.2
Kota Yogyakarta,27122.56,2763.4,9102.15,12099.31,507.38,-2204.92,49389.88
Pacitan,16044.78,485.32,1657.53,8761.99,25.07,-6318.12,20656.58
Ponorogo,19681.32,708.11,2263.66,7437.41,17.92,-3061.33,27047.08
Trenggalek,17788.05,1047.99,2065.42,4613.9,9.45,-1160.07,24364.74
Tulungagung,36389.96,923.58,2836.54,14425.52,34.93,-3363.88,51246.65
Blitar,33561.54,1111.33,2968.72,12981.2,24.03,-2867.62,47779.19
Kediri,40105.73,1411.78,3143.01,17869.35,275.23,-8155.43,54649.67
Malang,90904,3777.23,4526.74,44056.68,109.95,-4951.44,138423.17
Lumajang,30513.92,541.97,2000.74,9097.64,815.9,89.29,43059.45
Jember,72099.07,1983.22,3887,19083.62,1994.64,3710.16,102757.71
Banyuwangi,71882.2,1788.99,5897.43,34123.39,295.75,-5065.17,108922.59
Bondowoso,20438.02,517.77,1917.84,6939.1,153.26,-3422.93,26543.06
Situbondo,19521.04,389.38,2182.14,5985.74,101.51,-1078.19,27101.63
Probolinggo,32212,539.96,2271.51,12194.52,106.78,-1649.62,45675.15
Pasuruan,122125.98,1542.14,3123.37,60796.65,1075.1,13001.89,201665.14
Sidoarjo,160151.15,3651.73,15489.31,86047.77,1452.41,30094.74,296887.11
Mojokerto,62997.52,1470.37,2362.15,30323.12,937.63,15038.91,113129.71
Jombang,40536.72,1545.8,3019.28,16592.95,596.05,-8391.88,53898.91
Nganjuk,26481.86,594.95,2402.75,10397.06,595.28,-4201.33,36270.56
Madiun,18677.03,524.73,1863.06,8356.79,248.03,-4121.08,25548.56
Magetan,18909.62,310.53,1996.88,5681.73,76.81,-2398.26,24577.3
Ngawi,19413.5,312.93,2147.11,5717.48,44.71,-1690.9,25944.84
Bojonegoro,44793.37,378.18,2792.11,21648.38,199.91,31982.13,101794.09
Tuban,47228.23,757.74,2996.35,31912.68,363.62,3852.37,87110.99
Lamongan,38491.86,1405.57,2839.17,16095.89,119.58,-6875.18,52076.88
Gresik,115564.31,1442.29,3603.49,44480.9,4540.17,18973.35,188604.51
Bangkalan,22353.35,356.76,1998.73,9926.87,399.69,-6296.61,28738.77
Sampang,17587.56,445.59,1927.84,7210.08,5.36,-2294.64,24881.79
Pamekasan,15946.82,354.49,2066.89,6814.64,143.48,-2834.13,22492.18
Sumenep,32861.58,450.95,2624.56,11376.87,2.14,-2093.82,45222.29
Kota Kediri,31241.3,385.32,1699.07,27198.56,2645.9,105578.76,168748.92
Kota Blitar,6148.78,109.2,1610.66,1767.47,2.45,-450.86,9187.7
Kota Malang,68619.91,584.4,2491.1,35493.33,716.77,-7788.63,100116.87
Kota Probolinggo,11184.7,270.92,1256.44,2621.67,16.48,24.78,15374.98
Kota Pasuruan,8022.11,331.11,1096.21,2266.76,2.11,-510.13,11208.17
Kota Mojokerto,6450.49,86.01,1135.98,2846.42,0.37,-1906.94,8612.33
Kota Madiun,13505.93,243.15,1283.5,4040.9,245.11,-665.4,18653.19
Kota Surabaya,465340.08,7190.38,24451.93,207295.9,5336.86,62878.46,772493.61
Kota Batu,14731.79,575.08,1393.09,6734.34,0.91,-1280.9,22154.31
Pandeglang,24688.48,620.63,2870.1,3133.09,10.05,4582.33,35904.68
Lebak,28171.41,743.77,2986.6,2290.76,1.38,3437.56,37631.48
Tangerang,97947.13,951.44,6914.43,50185.96,240.86,29864.32,186104.15
Serang,55213.37,646.22,2759.29,38556.56,1.23,4943.7,102120.37
Kota Tangerang,127522.13,593.56,4518.33,75845.75,10.86,16300.16,224790.81
Kota Cilegon,28486.33,95.48,2140.27,64001.68,335.43,42930.11,137989.3
Kota Serang,29199.91,158.27,12620.57,15619.09,227.4,-14836.84,42988.41
Kota Tangerang Selatan,78213.5,229.48,1741.53,48628.9,-655.68,-15943.74,112213.99
Jembrana,9439.19,399,1683.2,4094.44,17.21,1211.97,16845.01
Tabanan,16801.04,635.28,2566.18,5179.58,9.59,2458.13,27649.8
Badung,32532.29,585.15,5415.3,23779.97,54.74,12730.75,75098.2
Gianyar,18564.49,456.34,2300.74,10912.68,14.79,797.57,33046.6
Klungkung,6105.04,227.83,1499.62,3233.59,7.18,-57.77,11015.49
Bangli,5439.54,210.99,1397.57,3053.31,7.06,-1642.86,8465.6
Karangasem,12862.51,591.53,1989.15,2833.91,15.08,1918.15,20210.33
Buleleng,23255.96,1093.8,3858.64,9790.36,10.15,3378.84,41387.75
Kota Denpasar,33105.8,1482.37,9773.89,20511.99,56.11,370.05,65300.21
Lombok Barat,14211.13,447.29,2756.84,6762.64,16.41,-5034.33,19159.98
Lombok Tengah,15857.29,299.86,2821.18,11029.88,8.23,-7411.57,22604.87
Lombok Timur,19128.7,883.95,3708.27,9658.47,41.59,-7128.3,26292.68
Sumbawa,12894.4,290.69,2393.49,7517.89,30.94,-4609.97,18517.44
Dompu,6067.78,154.76,2057.32,3560.9,11.99,-2788.71,9064.03
Bima,9961.94,249.77,2671.42,5552.32,27.62,-3706.3,14756.77
Sumbawa Barat,4447.88,192.54,1669.66,7069.86,1470.67,21714.26,36564.87
Lombok Utara,4420.07,91.07,1510.35,2343.8,12.45,-2395.02,5982.72
Kota Mataram,14881.83,373.99,3597.21,8965.72,24.94,-3643.35,24200.34
Kota Bima,3391.74,115.58,1703.65,1783.9,0.24,-1681.47,5313.65
Sumba Barat,2146.15,105.24,939.34,1074.13,63.43,-1323.13,3005.18
Sumba Timur,4448.43,294.84,1707.32,3140.24,77.1,-1867.86,7800.07
Kupang,4900.14,297.42,2064.3,3520.04,4.29,-918.25,9867.94
Timor Tengah Selatan,7029.17,228.82,1601.62,3353.22,94.55,-2064.14,10243.24
Timor Tengah Utara,3598.15,215.23,924.01,2358.06,80.25,-2020.19,5155.51
Belu,3888.35,128.78,1254.58,2234.98,115.37,-1690.84,5931.22
Alor,2861.63,130.07,1404.39,1717.13,33.35,-2138.88,4007.68
Lembata,1683.4,80.21,928.37,627.71,11.97,-1076.91,2254.76
Flores Timur,4762.54,253.56,1484.98,1633.6,21.38,-1710.54,6445.52
Sikka,4983.41,219.68,1366.65,2865.54,36.66,-2716.35,6755.6
Ende,5011.3,212.84,1399.12,4071.92,65.78,-2875.49,7885.46
Ngada,2803.71,147.42,867.38,1205.04,150.61,-704.94,4469.22
Manggarai,3836.91,284.11,1412.68,2518.24,61.71,-2169.85,5943.8
Rote Ndao,2329.96,160.8,1064.56,1280.04,60.67,-979.9,3916.13
Manggarai Barat,3860.43,87.71,1107.44,2885.4,28.04,-3374.74,4594.28
Sumba Tengah,1077.12,62.13,647.39,642.95,24.84,-927.25,1527.18
Sumba Barat Daya,3709.19,231.87,1043.12,1457.52,24.42,-1536.27,4929.85
Nagekeo,2108.26,224.87,1132.76,977.37,37.09,-1609.93,2870.42
Manggarai Timur,3035.53,67,1189.3,1518.76,29.03,-1570.66,4268.95
Sabu Raijua,1021.32,61.3,457.81,708.8,0,-516.61,1732.61
Malaka,2807.76,92.08,1096.74,1849.88,40.65,-2117.31,3769.8
Kota Kupang,21086.15,1410.09,5201.89,19348.88,172.92,-16446.53,30773.41
Sambas,14780.98,323.82,2458.62,7245.63,70.81,3681.11,28560.99
Bengkayang,6624.14,235.72,1548.36,3965.73,365.53,-501.55,12237.93
Landak,8164.68,217.81,2163.15,3945.57,554.63,-78.82,14967.02
Mempawah,6801.83,45.91,2060.52,5449.75,11.47,-1856.89,12512.59
Sanggau,14747.62,347.71,2554.22,9710.47,742.47,-1578.75,26523.74
Ketapang,15337.24,300.44,2687.35,14436.98,81.06,6274.12,39117.19
Sintang,10238.79,258.92,2617.99,7206.38,406.94,-244.37,20484.66
Kapuas Hulu,7775.21,53.16,2311.09,4270.45,220.49,-288.62,14341.78
Sekadau,4998.09,118.67,1296.31,2935.71,137.26,-54.06,9431.98
Melawi,4380.07,109.18,1611.22,2095.95,28.31,-990.59,7234.13
Kayong Utara,3136.87,89.91,1104.86,1747.79,75.27,-323.49,5831.21
Kubu Raya,19296.72,786.59,2202.16,15076.16,993.45,3370.48,41725.56
Kota Pontianak,23049.36,558.51,5556.98,15418.48,397.85,6368.71,51349.89
Kota Singkawang,7542.15,426.62,1768.7,5170.49,95.72,-988.27,14015.4
Kotawaringin Barat,9320.52,341.96,1823.12,12274.05,37.21,7424.1,31220.97
Kotawaringin Timur,12833.01,402.64,2495.65,14026.89,10.75,8222.17,37991.11
Kapuas,9797.21,522.76,2184.05,8628.85,150.85,3884.84,25168.57
Barito Selatan,4075.06,385.57,1273.63,4332.19,81.27,-1249.02,8898.71
Barito Utara,5548.08,298.28,1367.35,5794.41,96.25,934.94,14039.32
Sukamara,1832.22,102.1,725.25,2338.56,-1.22,1500.98,6497.9
Lamandau,2325.18,64.31,810.17,3249.17,6.29,1809.64,8264.76
Seruyan,4714.78,93.73,1011.38,4804.03,31.74,1952.63,12608.29
Katingan,6088.81,170.74,1972.31,5145.57,-0.63,-1700.99,11675.81
Pulang Pisau,3479.39,90.53,1350.03,3474.55,0.73,-735.19,7660.04
Gunung Mas,4527.41,190.17,1258.43,4440.26,91.59,-746.12,9761.74
Barito Timur,3691.61,95.15,1468.48,3954.69,28.02,1677.01,10914.98
Murung Raya,4105.43,85.55,1667.57,3877.83,3.14,2117.08,11856.6
Kota Palangka Raya,10489.69,731.59,8833.48,10007.91,12.41,-3838.61,26236.48
Tanah Laut,8726.74,241.88,1862.92,4083.81,-24.46,6363.22,21254.1
Kota Baru,9416.93,234.06,2664.18,6221.61,-35.08,18624.46,37126.16
Banjar,15628.51,259.68,2836.19,7162.57,-19,-1825.94,24042.01
Barito Kuala,8270.86,219.75,1689.23,3686.48,-1.48,-2514.5,11350.36
Tapin,5384.76,211.96,1845.77,2518.36,-8.83,4455.13,14407.15
Hulu Sungai Selatan,6646.14,192.73,1736.34,2769.71,-11.43,-1432.14,9901.34
Hulu Sungai Tengah,7306.39,198.13,1677.55,2838.14,-7.71,-2646.49,9366.01
Hulu Sungai Utara,5981.87,185.79,1585.5,1861.92,-0.31,-3002.35,6612.42
Tabalong,7530.25,196.39,2123.84,4021.15,-88.94,18860.79,32643.48
Tanah Bumbu,9321.18,210.49,2022.04,4808.81,-143.02,19489.74,35709.24
Balangan,3529.79,165.25,1535.6,3425.04,-16.03,13124.52,21764.18
Kota Banjarmasin,28764.43,347.63,5013.88,12893.7,-307.74,-1045.7,45666.21
Kota Banjar Baru,6779.46,301.45,3222.12,5366.34,-35.73,-1115.91,14517.74
Paser,8656.03,111.6,2568.63,12518.04,20.61,31554.48,55429.39
Kutai Barat,6035.8,380.79,3291.49,14855.22,24.82,15106.18,39694.31
Kutai Kartanegara,25278.71,819.55,8820.61,91764.28,203.37,77813.63,204700.14
Kutai Timur,10811.73,443.82,4748,37363.11,165.76,105964.81,159497.23
Berau,5919.79,501.27,3091.82,11045.66,6.74,30251.23,50816.51
Penajam Paser Utara,5409.28,83.9,2596.49,21182.25,19.93,-5964.5,23327.35
Mahakam Ulu,895.63,35.1,685.02,1124.71,20.51,1012.99,3773.97
Kota Balikpapan,34983.43,821.25,5709.06,59331.81,92.48,52629.06,153567.1
Kota Samarinda,43356.63,1034.99,17578.09,47101.04,154.8,-10810.68,98414.87
Kota Bontang,7588,436.03,2049.97,10777.8,-1.99,47568.51,68418.31
Malinau,3141.27,171.37,2177.62,5325.2,94.89,7296.92,18207.27
Bulungan,4617.52,202.51,3528.88,13625.13,28.88,3749.48,25752.4
Tana Tidung,624.39,118.03,1020.5,2809.94,45.26,4679.21,9297.34
Nunukan,5447.86,125.75,1749.46,8566.37,37.89,24616.04,40543.37
Kota Tarakan,7419.68,472.03,2017.49,11816.42,167.48,34320.7,56213.8
Bolaang Mongondow,5551.28,134.24,1466.02,3045.39,0.46,1318.3,11515.68
Minahasa,10066.46,1390.47,1719.45,9661.55,0.23,1208.35,24046.51
Kepulauan Sangihe,3150.37,112.29,1230.88,1773.81,2.33,-100.63,6169.06
Kepulauan Talaud,2060.03,69.73,797.23,936.8,1.51,-767.35,3097.95
Minahasa Selatan,5829.52,547.43,1349.04,4453.56,1.55,422.89,12603.99
Minahasa Utara,8512.29,394.69,1043.14,8646.9,0.31,1784.34,20381.67
Bolaang Mongondow Utara,1688.69,63.02,635.38,931.24,0.36,225.44,3544.12
Siau Tagulandang Biaro,2168.43,259.25,1028.82,950.15,0.19,-1016.31,3390.53
Minahasa Tenggara,4110.11,271.57,764.12,3092.43,0.12,-883.53,7354.83
Bolaang Mongondow Selatan,1449.29,43.12,432.64,682.38,0.04,366.89,2974.36
Bolaang Mongondow Timur,2079.67,47.92,704.32,763.33,0.34,574.62,4170.2
Kota Manado,21714.33,1002.03,4978.37,16605.9,0.3,8714.07,53015.01
Kota Bitung,9349.88,389.78,1805.08,6419.14,3.39,6784.75,24752.02
Kota Tomohon,3219.01,89.47,895.97,3110.6,1.31,-1436.41,5879.93
Kota Kotamobagu,3281.96,100.32,824.13,1468.65,0.41,-460.83,5214.65
Banggai Kepulauan,3253.74,60.29,809.49,807.28,0.4,446.11,5377.32
Banggai,14173.44,741.6,3691.6,10221.83,381.32,11527.25,40737.03
Morowali,7917.43,195.83,966.84,77647.27,1602.2,85535.42,173864.99
Poso,7468.82,241.41,2401.45,5576.15,67.71,-3017.14,12738.41
Donggala,8784.41,264.99,2077.51,5429.76,55.08,-84.52,16527.22
Toli-Toli,6218.36,148.47,1675.43,3691.95,154.34,-813.61,11074.94
Buol,4286.68,102.62,1291.61,2686.36,7.79,-584.06,7791
Parigi Moutong,14226.79,1458.86,2755.02,10911.21,228.93,-6104.88,23475.94
Tojo Una-Una,4309.87,133.24,1530.9,1985.51,37.41,-642.71,7354.21
Sigi,7081.2,338.86,1839.3,5715.86,17.81,-2430.69,12562.35
Banggai Laut,2426.65,35.45,556.41,407.45,241.11,-443.64,3223.42
Morowali Utara,6847.97,143.77,1210.54,19083.52,-678.31,3626.02,30233.51
Kota Palu,19317.11,1287.87,4626.02,14846.73,177.53,-7336.52,32918.74
Kepulauan Selayar,4522.63,117.87,1115.99,3780.53,-9.28,-1187.23,8340.51
Bulukumba,12878.76,284.86,2134.53,5887.94,144.85,-1106.59,20224.35
Bantaeng,6993.81,273.66,1374.93,6785.44,-7.2,-1969.27,13451.36
Jeneponto,9480.1,414.36,1441.5,4932.94,-0.85,-3210.95,13057.09
Takalar,8678.15,267,1439.77,3002.48,10.88,29.81,13428.09
Gowa,18233.84,674.47,2703.61,9120.61,7.49,8.64,30748.66
Sinjai,8874.57,215.98,1476.25,6342.63,10.73,-945.39,15974.77
Maros,14857.84,480.32,1822.18,7171.53,-12.94,4305.06,28624
Pangkajene dan Kepulauan,15314.75,450.52,1814.68,5592.46,51.09,11383.73,34607.22
Barru,6096.78,86.14,1228.05,4393.29,7.08,-1920.22,9891.13
Bone,29417.6,745.52,4604.23,17693.69,-15.85,-2429.96,50015.24
Soppeng,8618.42,263.51,1359.51,6204.6,-3,-343.86,16099.18
Wajo,16952.42,400.04,1691.55,7433.48,-50.61,-472.65,25954.22
Sidenreng Rappang,11258.12,382.66,1520.94,7507.77,-46.72,-1008.1,19614.67
Pinrang,15690.81,268.19,1925.28,9526.71,26.05,-783.63,26653.4
Enrekang,6315.62,170.62,1392.61,3813.54,19.38,-1244.44,10467.33
Luwu,12741.41,255.53,2024.62,8575.04,-78.53,-565.84,22952.23
Tana Toraja,6195.5,266.09,1311.23,3089.94,0.16,-704.38,10158.53
Luwu Utara,10918.05,256.9,1503.15,5269.82,-3.05,1743.79,19688.66
Luwu Timur,13015,382.24,1432.03,9672.61,56.69,5833.37,30391.94
Toraja Utara,7591.4,438.67,1690.17,4340.17,-3.72,-798.83,13257.86
Kota Makasar,122177.97,5173.35,18886.48,109308.52,288.2,-12771.8,243062.72
Kota Parepare,5393.5,68.77,1511.74,4066.32,6.07,-1074.22,9972.18
Kota Palopo,6402,198.37,1406.02,4379.33,4.77,-1306.58,11083.92
Buton,2916.91,73.01,941.19,1898.61,98.28,-630.74,5297.27
Muna,6038.46,114.32,1614.04,2918.19,-39.7,-1155.91,9489.41
Konawe,7491.27,163.71,1767.43,3961.16,118.66,7245.49,20747.72
Kolaka,8453.48,214.46,1298.44,15113.32,380.66,12703.03,38163.39
Konawe Selatan,9547.81,284.57,1783.98,5778.13,165.43,200.45,17760.39
Bombana,4478.13,110.05,894.86,2685.76,-86.4,1072.92,9155.32
Wakatobi,3006.58,114.87,1251.01,1833.17,140.79,-206.89,6139.54
Kolaka Utara,5096.17,96.79,855.26,4460.46,125.38,1646.65,12280.7
Buton Utara,1921.19,39.61,770.83,1570.93,18.43,-46.65,4274.35
Konawe Utara,1914.1,78.57,631.69,1432.89,-15.78,1665.66,5707.11
Kolaka Timur,4000.35,55.06,606.27,2090.97,57.34,-672.74,6137.26
Konawe Kepulauan,983.33,21.87,557.57,551.61,38.68,-180.73,1972.34
Muna Barat,3048.63,49.16,545.88,1528.31,-20.37,-1610.43,3541.18
Buton Tengah,1907.97,39.09,410.14,1195.55,-59.12,-323.56,3170.06
Buton Selatan,2251.23,49.92,474.93,1414.34,22.02,-385.83,3826.6
Kota Kendari,17274.3,346.05,8166.19,12119.2,487.16,-8372.07,30020.83
Kota Baubau,7289.52,137.79,1760.15,5391.84,23.26,-2397.76,12204.79
Boalemo,4320.41,42.14,1190.34,1326.57,139.59,-35.31,6983.74
Gorontalo,10724.64,150.64,2125.39,5511.6,170.44,-1587.18,17095.53
Pohuwato,4771.06,49.85,1144.53,1591.41,120.59,901.99,8579.42
Bone Bolango,3726.38,37.73,1389.27,1511.89,109.54,-725.59,6049.22
Gorontalo Utara,2652.23,71.49,773.58,1259.92,47.74,-390.71,4414.26
Kota Gorontalo,7487.42,76.03,3043.05,3613.47,134.71,-3117.97,11236.71
Majene,3925.34,87.46,1355.56,1711.31,-34.98,-548.86,6495.83
Polewali Mandar,10524.61,109.21,2024.9,4233.06,219.36,659.65,17770.78
Mamasa,2680.65,83.3,828.19,1046.21,-10.49,-856.03,3771.84
Mamuju,7504.11,137.69,3805.67,4759.66,372.89,-555.95,16024.07
Mamuju Utara,3667.38,73.64,890.1,4322.41,340.48,6284.92,15578.92
Mamuju Tengah,2565.22,60.53,548.73,1128.6,156.63,95.16,4554.87
Maluku Tenggara Barat,2851.45,172.16,1184.19,1746.61,38.94,-2375.18,3618.17
Maluku Tenggara,2690.53,123.18,1247.81,1458.37,30.93,-1142.35,4408.47
Maluku Tengah,9402.58,377.62,2452.28,2520.41,33,-3331.43,11454.45
Buru,2705.47,104.22,1114.81,1214.77,22.11,-1994.26,3167.11
Kepulauan Aru,2240.19,114.61,980.02,1326.79,15.44,84.44,4761.49
Seram Bagian Barat,3009.95,116.37,1499.14,1838.25,35.8,-2422.27,4077.23
Seram Bagian Timur,2189.31,69.62,1401.85,1318.17,20.96,-1316.39,3683.51
Maluku Barat Daya,1348.79,40.61,840.48,833.52,15.6,118.14,3197.15
Buru Selatan,1646.62,71.26,926.2,871.65,25.73,-1654.6,1886.86
Kota Ambon,13279.96,522.5,4335.72,3996.87,30.24,-2329.41,19835.88
Kota Tual,2196.07,76.78,907.11,1012.75,24.74,-800.22,3417.23
Halmahera Barat,1874.71,142.07,911.45,303.71,49.03,-333.94,2947.03
Halmahera Tengah,1173.81,48.43,1724.07,23841.99,-207.8,5721.74,32302.24
Kepulauan Sula,1892.68,26.66,881.09,870.14,-26.04,-266.32,3378.21
Halmahera Selatan,4567.28,61.65,1278.45,10100.71,252.4,4787.3,21047.79
Halmahera Utara,4033.62,98.04,1527.66,1620.95,13.93,-113.43,7180.76
Halmahera Timur,1997.74,129.85,1711.37,2262.55,74.52,-780.15,5395.88
Pulau Morotai,1099.05,10.93,456.88,637.1,9.89,-185.02,2028.83
Pulau Taliabu,858.61,3.35,241.84,383.57,31.64,591.59,2110.6
Kota Ternate,9307.5,194.68,4630.3,2189.46,138.96,-1248.36,15212.53
Kota Tidore Kepulauan,2084.67,69.23,3339.38,918.7,33.75,-2594.12,3851.61
Fakfak,3475.09,115.15,1975.87,1779.91,253.89,-1289.37,6310.53
Kaimana,1367.56,82.11,1387.76,768.99,-232.42,-278.13,3095.88
Teluk Wondama,643.51,46.26,878.87,543.52,409.62,-665.68,1856.1
Teluk Bintuni,1692.59,79,2255.47,2191.54,407.3,45734.46,52360.36
Manokwari,5469.68,269.48,3600.78,2931.99,-60.17,-885.17,11326.6
Manokwari Selatan,750.37,28.65,479.18,71.43,72.12,-383.63,1018.12
Pegunungan Arfak,145.03,3.14,174.93,142.3,8.85,-115.05,359.21
Raja Ampat,1305.51,70.95,1283.61,593.92,198.09,651.82,4103.89
Sorong,3464.82,173.67,2093.67,2133.75,-332.1,4915.98,12449.8
Sorong Selatan,957.47,74.5,1102.84,601.06,-180.57,-216.27,2339.03
Maybrat,749.22,36.81,789.7,178.21,0.56,-891.09,863.41
Tambrauw,108.82,10.92,224.04,62.99,-70.43,-31.39,304.95
Kota Sorong,10749.98,153.65,2932.9,3063.94,-449.4,676.29,17127.37
Jayapura,10079,214.64,3724.26,5852.75,397.34,161.13,20429.12
Kepulauan Yapen,3816.39,249.05,787.04,1129.55,162.37,-869.68,5274.71
Biak Numfor,4903.48,311.72,1772.49,1262.68,124.65,-1817.9,6557.13
Sarmi,2686.72,29.36,1162.74,1839.52,29.46,-1923.15,3824.65
Keerom,2634.07,46.89,1091.41,1682.12,34.06,-1870.98,3617.58
Waropen,1595.05,59.65,931.06,1207.27,48.55,-1390.05,2451.54
Supiori,1067.46,79.26,422.15,920.26,14.4,-1257.71,1245.82
Mamberamo Raya,1574.57,38.66,635.37,1056.83,41.56,-1041.5,2305.49
Kota Jayapura,18490.68,4111.57,15627.52,17832.33,39.02,-16286.16,39814.97
Merauke,14119.9,265.82,3840.18,5760.54,-64.67,-3572.02,20349.76
Boven Digoel,3989.26,46.38,1057.03,2465.5,-50.33,-1641.12,5866.71
Mappi,3013.96,69.69,1334.69,1923.18,-36.85,-2470.9,3833.76
Asmat,2783.18,60.48,1585.7,1624.04,0.2,-2643.71,3409.89
Mimika,15864.22,297.25,5554.1,24488.19,8903.61,91190.22,146297.59
Dogiyai,1524.01,45.09,736,775.56,-0.52,-1433.23,1646.91
Deiyai,1270.55,6.66,592.02,762.58,8.45,-873.17,1767.09
Nabire,9789.56,399.3,2183.01,3613,-26.96,-989.71,14968.19
Paniai,4258.1,18.67,1415.77,2531.61,3.54,-2889.04,5338.66
Intan Jaya,1074.39,10.26,532.68,846.57,-12.25,-986.23,1465.43
Puncak,1528.94,24.45,675.15,1051.67,0.67,-1508.76,1772.12
Puncak Jaya,1632.45,64.15,773.83,781.89,0.11,-1588.54,1663.89
Nduga,1238.23,6.68,563.76,993.36,-1.53,-1170.96,1629.54
Jayawijaya,9626.01,101.8,2326.04,5369.59,-132.44,-5843,11448.01
Lanny Jaya,2045.45,43.43,831.7,1185.69,-17.01,-1596.18,2493.09
Tolikara,1826.17,31.33,916.63,995.57,-19.03,-1575.13,2175.55
Mamberamo Tengah,1309.65,16.73,620.71,857.06,1.52,-1251.62,1554.03
Yalimo,1302.85,15.91,543.57,857.18,-2.19,-1008.52,1708.8
Yahukimo,2480.91,27.19,1164.47,1661.62,-18.4,-2158.54,3157.26
Pegunungan Bintang,2085.93,28.1,726.92,1092.38,-22.58,-1382.92,2527.83